sexe_annee_dpt,annee,top,cla_age_5,sexe,region,dept,Ntop,Npop,prev,Niveau prioritaire,tri
9_2023_13,2023,TPS_ADR_EXC,05-09,9,93,13,0,124780,0,2,3,52
1_2023_13,2023,TPS_ADR_EXC,10-14,1,93,13,40,65670,0.058,2,3,52
2_2023_13,2023,TPS_ADR_EXC,10-14,2,93,13,60,62750,0.1,2,3,52
1_2023_13,2023,TPS_ADR_EXC,20-24,1,93,13,650,61060,1.061,2,3,52
2_2023_13,2023,TPS_ADR_EXC,20-24,2,93,13,1530,64020,2.393,2,3,52
2_2023_13,2023,TPS_ADR_EXC,25-29,2,93,13,2040,67160,3.03,2,3,52
1_2023_13,2023,TPS_ADR_EXC,30-34,1,93,13,1400,65320,2.14,2,3,52
2_2023_13,2023,TPS_ADR_EXC,35-39,2,93,13,3570,72550,4.924,2,3,52
1_2023_13,2023,TPS_ADR_EXC,40-44,1,93,13,2340,66020,3.543,2,3,52
9_2023_13,2023,TPS_ADR_EXC,40-44,9,93,13,7000,137930,5.078,2,3,52
9_2023_13,2023,TPS_ADR_EXC,45-49,9,93,13,8200,130980,6.263,2,3,52
9_2023_13,2023,TPS_ADR_EXC,55-59,9,93,13,12090,139700,8.654,2,3,52
1_2023_13,2023,TPS_ADR_EXC,60-64,1,93,13,3540,61110,5.789,2,3,52
1_2023_13,2023,TPS_ADR_EXC,65-69,1,93,13,2780,53110,5.227,2,3,52
2_2023_13,2023,TPS_ADR_EXC,65-69,2,93,13,6200,60570,10.241,2,3,52
9_2023_13,2023,TPS_ADR_EXC,65-69,9,93,13,8980,113690,7.898,2,3,52
2_2023_13,2023,TPS_ADR_EXC,80-84,2,93,13,5740,35060,16.362,2,3,52
9_2023_13,2023,TPS_ADR_EXC,80-84,9,93,13,8120,61490,13.212,2,3,52
1_2023_13,2023,TPS_ADR_EXC,85-89,1,93,13,1890,16420,11.523,2,3,52
2_2023_13,2023,TPS_ADR_EXC,85-89,2,93,13,5070,26690,18.983,2,3,52
2_2023_13,2023,TPS_ADR_EXC,95et+,2,93,13,1620,7340,22.004,2,3,52
9_2023_13,2023,TPS_ADR_EXC,tsage,9,93,13,113900,2149680,5.298,2,3,52
1_2019_13,2019,TPS_ADR_EXC,00-04,1,93,13,0,62320,0,2,3,52
2_2019_13,2019,TPS_ADR_EXC,00-04,2,93,13,0,59000,0,2,3,52
1_2019_13,2019,TPS_ADR_EXC,05-09,1,93,13,0,65240,0,2,3,52
1_2019_13,2019,TPS_ADR_EXC,10-14,1,93,13,20,62560,0.027,2,3,52
1_2019_13,2019,TPS_ADR_EXC,25-29,1,93,13,760,57740,1.308,2,3,52
2_2019_13,2019,TPS_ADR_EXC,25-29,2,93,13,1270,65360,1.937,2,3,52
9_2019_13,2019,TPS_ADR_EXC,25-29,9,93,13,2020,123100,1.642,2,3,52
9_2019_13,2019,TPS_ADR_EXC,30-34,9,93,13,3160,133010,2.374,2,3,52
9_2019_13,2019,TPS_ADR_EXC,35-39,9,93,13,4730,133830,3.532,2,3,52
1_2019_13,2019,TPS_ADR_EXC,40-44,1,93,13,2000,61160,3.262,2,3,52
2_2019_13,2019,TPS_ADR_EXC,40-44,2,93,13,4060,66160,6.138,2,3,52
2_2019_13,2019,TPS_ADR_EXC,50-54,2,93,13,6560,72340,9.064,2,3,52
9_2019_13,2019,TPS_ADR_EXC,50-54,9,93,13,9750,139870,6.971,2,3,52
9_2019_13,2019,TPS_ADR_EXC,55-59,9,93,13,10890,134300,8.109,2,3,52
1_2019_13,2019,TPS_ADR_EXC,60-64,1,93,13,3150,57590,5.466,2,3,52
2_2019_13,2019,TPS_ADR_EXC,60-64,2,93,13,6600,63940,10.322,2,3,52
1_2019_13,2019,TPS_ADR_EXC,70-74,1,93,13,2430,48050,5.059,2,3,52
2_2019_13,2019,TPS_ADR_EXC,70-74,2,93,13,5680,55670,10.199,2,3,52
9_2019_13,2019,TPS_ADR_EXC,70-74,9,93,13,8110,103720,7.818,2,3,52
2_2019_13,2019,TPS_ADR_EXC,75-79,2,93,13,4920,41100,11.958,2,3,52
9_2019_13,2019,TPS_ADR_EXC,75-79,9,93,13,7030,75270,9.339,2,3,52
2_2019_13,2019,TPS_ADR_EXC,80-84,2,93,13,4710,33370,14.099,2,3,52
9_2019_13,2019,TPS_ADR_EXC,80-84,9,93,13,6650,57840,11.497,2,3,52
9_2019_13,2019,TPS_ADR_EXC,85-89,9,93,13,6410,44460,14.417,2,3,52
1_2019_13,2019,TPS_ADR_EXC,90-94,1,93,13,900,7060,12.707,2,3,52
9_2019_13,2019,TPS_ADR_EXC,95et+,9,93,13,1590,8950,17.726,2,3,52
9_2018_13,2018,TPS_ADR_EXC,05-09,9,93,13,0,126360,0,2,3,52
9_2018_13,2018,TPS_ADR_EXC,15-19,9,93,13,420,115530,0.359,2,3,52
2_2018_13,2018,TPS_ADR_EXC,20-24,2,93,13,680,59850,1.138,2,3,52
1_2018_13,2018,TPS_ADR_EXC,25-29,1,93,13,730,58390,1.242,2,3,52
9_2018_13,2018,TPS_ADR_EXC,25-29,9,93,13,1960,124450,1.573,2,3,52
1_2018_13,2018,TPS_ADR_EXC,35-39,1,93,13,1680,63270,2.652,2,3,52
2_2018_13,2018,TPS_ADR_EXC,35-39,2,93,13,3200,70190,4.565,2,3,52
1_2018_13,2018,TPS_ADR_EXC,45-49,1,93,13,2780,68340,4.065,2,3,52
2_2018_13,2018,TPS_ADR_EXC,55-59,2,93,13,7100,68440,10.379,2,3,52
1_2018_13,2018,TPS_ADR_EXC,60-64,1,93,13,3090,57420,5.381,2,3,52
2_2018_13,2018,TPS_ADR_EXC,60-64,2,93,13,6710,63490,10.564,2,3,52
9_2018_13,2018,TPS_ADR_EXC,60-64,9,93,13,9800,120910,8.103,2,3,52
1_2018_13,2018,TPS_ADR_EXC,65-69,1,93,13,2510,53300,4.715,2,3,52
1_2018_13,2018,TPS_ADR_EXC,70-74,1,93,13,2300,46580,4.933,2,3,52
2_2018_13,2018,TPS_ADR_EXC,85-89,2,93,13,4630,27970,16.563,2,3,52
9_2018_13,2018,TPS_ADR_EXC,85-89,9,93,13,6390,43720,14.612,2,3,52
2_2018_13,2018,TPS_ADR_EXC,90-94,2,93,13,2990,15950,18.754,2,3,52
1_2018_13,2018,TPS_ADR_EXC,95et+,1,93,13,250,1880,13.092,2,3,52
2_2018_13,2018,TPS_ADR_EXC,95et+,2,93,13,1310,6670,19.574,2,3,52
2_2018_13,2018,TPS_ADR_EXC,00-04,2,93,13,0,59430,0,2,3,52
9_2016_13,2016,TPS_ADR_EXC,00-04,9,93,13,0,123210,0,2,3,52
1_2016_13,2016,TPS_ADR_EXC,05-09,1,93,13,0,63690,0,2,3,52
9_2016_13,2016,TPS_ADR_EXC,10-14,9,93,13,40,117440,0.036,2,3,52
9_2016_13,2016,TPS_ADR_EXC,15-19,9,93,13,380,114430,0.33,2,3,52
1_2016_13,2016,TPS_ADR_EXC,25-29,1,93,13,690,58520,1.179,2,3,52
2_2016_13,2016,TPS_ADR_EXC,30-34,2,93,13,2160,68590,3.152,2,3,52
9_2016_13,2016,TPS_ADR_EXC,35-39,9,93,13,4830,130270,3.706,2,3,52
9_2016_13,2016,TPS_ADR_EXC,40-44,9,93,13,6540,131290,4.979,2,3,52
1_2016_13,2016,TPS_ADR_EXC,45-49,1,93,13,2860,66920,4.275,2,3,52
9_2016_13,2016,TPS_ADR_EXC,45-49,9,93,13,8670,138370,6.267,2,3,52
9_2016_13,2016,TPS_ADR_EXC,50-54,9,93,13,10280,139770,7.356,2,3,52
9_2016_13,2016,TPS_ADR_EXC,55-59,9,93,13,10870,129300,8.407,2,3,52
2_2016_13,2016,TPS_ADR_EXC,60-64,2,93,13,6610,62550,10.567,2,3,52
2_2016_13,2016,TPS_ADR_EXC,70-74,2,93,13,4930,48010,10.272,2,3,52
9_2016_13,2016,TPS_ADR_EXC,70-74,9,93,13,7070,89900,7.865,2,3,52
2_2016_13,2016,TPS_ADR_EXC,75-79,2,93,13,4460,37020,12.051,2,3,52
9_2016_13,2016,TPS_ADR_EXC,75-79,9,93,13,6350,67480,9.416,2,3,52
2_2016_13,2016,TPS_ADR_EXC,85-89,2,93,13,4520,27010,16.744,2,3,52
9_2016_13,2016,TPS_ADR_EXC,85-89,9,93,13,6080,42030,14.47,2,3,52
1_2016_13,2016,TPS_ADR_EXC,90-94,1,93,13,740,6100,12.176,2,3,52
9_2016_13,2016,TPS_ADR_EXC,tsage,9,93,13,97030,2036460,4.765,2,3,52
9_2017_13,2017,TPS_ADR_EXC,05-09,9,93,13,0,124880,0,2,3,52
1_2017_13,2017,TPS_ADR_EXC,25-29,1,93,13,720,58670,1.222,2,3,52
2_2017_13,2017,TPS_ADR_EXC,25-29,2,93,13,1310,66480,1.966,2,3,52
9_2017_13,2017,TPS_ADR_EXC,25-29,9,93,13,2020,125160,1.617,2,3,52
1_2017_13,2017,TPS_ADR_EXC,35-39,1,93,13,1670,62760,2.655,2,3,52
2_2017_13,2017,TPS_ADR_EXC,35-39,2,93,13,3210,69430,4.628,2,3,52
9_2017_13,2017,TPS_ADR_EXC,40-44,9,93,13,6370,129120,4.931,2,3,52
1_2017_13,2017,TPS_ADR_EXC,45-49,1,93,13,2870,67810,4.231,2,3,52
2_2017_13,2017,TPS_ADR_EXC,45-49,2,93,13,5650,72000,7.845,2,3,52
9_2017_13,2017,TPS_ADR_EXC,50-54,9,93,13,10260,141180,7.264,2,3,52
2_2017_13,2017,TPS_ADR_EXC,55-59,2,93,13,7010,67290,10.423,2,3,52
1_2017_13,2017,TPS_ADR_EXC,60-64,1,93,13,3060,56840,5.386,2,3,52
9_2017_13,2017,TPS_ADR_EXC,65-69,9,93,13,8200,113860,7.203,2,3,52
9_2017_13,2017,TPS_ADR_EXC,75-79,9,93,13,6490,69660,9.319,2,3,52
1_2017_13,2017,TPS_ADR_EXC,80-84,1,93,13,1920,23920,8.031,2,3,52
9_2017_13,2017,TPS_ADR_EXC,80-84,9,93,13,6630,57980,11.426,2,3,52
1_2017_13,2017,TPS_ADR_EXC,90-94,1,93,13,810,6410,12.672,2,3,52
9_2017_13,2017,TPS_ADR_EXC,95et+,9,93,13,1380,7850,17.58,2,3,52
1_2017_13,2017,TPS_ADR_EXC,tsage,1,93,13,30090,976090,3.082,2,3,52
2_2015_13,2015,TPS_ADR_EXC,00-04,2,93,13,0,59560,0,2,3,52
1_2015_13,2015,TPS_ADR_EXC,05-09,1,93,13,0,62830,0,2,3,52
1_2017_13,2017,TPS_ADR_EXC,00-04,1,93,13,0,63190,0,2,3,52
2_2017_13,2017,TPS_ADR_EXC,00-04,2,93,13,0,59390,0,2,3,52
2_2017_13,2017,TPS_ADR_EXC,05-09,2,93,13,0,60930,0,2,3,52
1_2020_13,2020,TPS_ADR_EXC,10-14,1,93,13,20,63020,0.038,2,3,52
2_2020_13,2020,TPS_ADR_EXC,10-14,2,93,13,30,60320,0.05,2,3,52
1_2020_13,2020,TPS_ADR_EXC,15-19,1,93,13,150,58300,0.254,2,3,52
2_2020_13,2020,TPS_ADR_EXC,15-19,2,93,13,320,57640,0.557,2,3,52
1_2020_13,2020,TPS_ADR_EXC,20-24,1,93,13,460,56680,0.805,2,3,52
2_2020_13,2020,TPS_ADR_EXC,20-24,2,93,13,850,61350,1.392,2,3,52
9_2020_13,2020,TPS_ADR_EXC,30-34,9,93,13,3060,134170,2.283,2,3,52
1_2020_13,2020,TPS_ADR_EXC,40-44,1,93,13,1980,62700,3.163,2,3,52
9_2020_13,2020,TPS_ADR_EXC,40-44,9,93,13,5970,130470,4.577,2,3,52
2_2020_13,2020,TPS_ADR_EXC,50-54,2,93,13,6430,71770,8.963,2,3,52
9_2020_13,2020,TPS_ADR_EXC,50-54,9,93,13,9540,139350,6.849,2,3,52
2_2020_13,2020,TPS_ADR_EXC,65-69,2,93,13,5820,59730,9.747,2,3,52
9_2020_13,2020,TPS_ADR_EXC,65-69,9,93,13,8360,112300,7.441,2,3,52
1_2020_13,2020,TPS_ADR_EXC,70-74,1,93,13,2530,49500,5.109,2,3,52
2_2020_13,2020,TPS_ADR_EXC,70-74,2,93,13,6040,58040,10.405,2,3,52
9_2020_13,2020,TPS_ADR_EXC,75-79,9,93,13,7310,76830,9.512,2,3,52
1_2020_13,2020,TPS_ADR_EXC,80-84,1,93,13,1950,24650,7.919,2,3,52
1_2020_13,2020,TPS_ADR_EXC,85-89,1,93,13,1790,16340,10.942,2,3,52
2_2020_13,2020,TPS_ADR_EXC,85-89,2,93,13,4760,28010,17.01,2,3,52
9_2020_13,2020,TPS_ADR_EXC,85-89,9,93,13,6550,44350,14.774,2,3,52
2_2020_13,2020,TPS_ADR_EXC,90-94,2,93,13,3240,16820,19.272,2,3,52
1_2020_13,2020,TPS_ADR_EXC,95et+,1,93,13,280,2020,13.938,2,3,52
2_2020_13,2020,TPS_ADR_EXC,tsage,2,93,13,68490,1093500,6.263,2,3,52
1_2017_13,2017,TPS_ADR_EXC,10-14,1,93,13,30,60520,0.043,2,3,52
9_2017_13,2017,TPS_ADR_EXC,20-24,9,93,13,1060,113370,0.932,2,3,52
9_2017_13,2017,TPS_ADR_EXC,35-39,9,93,13,4880,132190,3.691,2,3,52
1_2017_13,2017,TPS_ADR_EXC,40-44,1,93,13,2060,62310,3.311,2,3,52
2_2017_13,2017,TPS_ADR_EXC,40-44,2,93,13,4300,66810,6.442,2,3,52
2_2017_13,2017,TPS_ADR_EXC,65-69,2,93,13,5750,60410,9.519,2,3,52
1_2017_13,2017,TPS_ADR_EXC,70-74,1,93,13,2180,44560,4.89,2,3,52
2_2017_13,2017,TPS_ADR_EXC,80-84,2,93,13,4700,34060,13.811,2,3,52
1_2017_13,2017,TPS_ADR_EXC,85-89,1,93,13,1630,15500,10.518,2,3,52
2_2017_13,2017,TPS_ADR_EXC,85-89,2,93,13,4520,27680,16.318,2,3,52
9_2017_13,2017,TPS_ADR_EXC,85-89,9,93,13,6150,43170,14.236,2,3,52
2_2017_13,2017,TPS_ADR_EXC,90-94,2,93,13,2980,15870,18.809,2,3,52
1_2017_13,2017,TPS_ADR_EXC,95et+,1,93,13,220,1710,12.683,2,3,52
9_2017_13,2017,TPS_ADR_EXC,tsage,9,93,13,97010,2050960,4.73,2,3,52
1_2020_13,2020,TPS_ADR_EXC,05-09,1,93,13,0,63520,0,2,3,52
9_2020_13,2020,TPS_ADR_EXC,00-04,9,93,13,0,118040,0,2,3,52
1_2021_13,2021,TPS_ADR_EXC,10-14,1,93,13,30,65890,0.046,2,3,52
1_2021_13,2021,TPS_ADR_EXC,15-19,1,93,13,170,62630,0.275,2,3,52
9_2021_13,2021,TPS_ADR_EXC,15-19,9,93,13,650,123110,0.529,2,3,52
1_2021_13,2021,TPS_ADR_EXC,20-24,1,93,13,550,64390,0.86,2,3,52
1_2021_13,2021,TPS_ADR_EXC,30-34,1,93,13,1240,70180,1.764,2,3,52
9_2021_13,2021,TPS_ADR_EXC,30-34,9,93,13,3520,142370,2.475,2,3,52
2_2021_13,2021,TPS_ADR_EXC,40-44,2,93,13,4420,70770,6.244,2,3,52
1_2021_13,2021,TPS_ADR_EXC,50-54,1,93,13,3300,70730,4.665,2,3,52
9_2021_13,2021,TPS_ADR_EXC,50-54,9,93,13,10000,143640,6.96,2,3,52
1_2021_13,2021,TPS_ADR_EXC,55-59,1,93,13,3680,69180,5.32,2,3,52
1_2021_13,2021,TPS_ADR_EXC,65-69,1,93,13,2550,53170,4.791,2,3,52
2_2021_13,2021,TPS_ADR_EXC,65-69,2,93,13,6080,60240,10.089,2,3,52
2_2021_13,2021,TPS_ADR_EXC,70-74,2,93,13,6270,58360,10.744,2,3,52
9_2021_13,2021,TPS_ADR_EXC,70-74,9,93,13,8980,108130,8.303,2,3,52
1_2021_13,2021,TPS_ADR_EXC,75-79,1,93,13,2390,37020,6.453,2,3,52
9_2021_13,2021,TPS_ADR_EXC,75-79,9,93,13,8140,82300,9.887,2,3,52
2_2021_13,2021,TPS_ADR_EXC,80-84,2,93,13,4970,33340,14.918,2,3,52
2_2021_13,2021,TPS_ADR_EXC,90-94,2,93,13,3370,16840,20.011,2,3,52
9_2021_13,2021,TPS_ADR_EXC,95et+,9,93,13,1750,9400,18.657,2,3,52
9_2021_13,2021,TPS_ADR_EXC,00-04,9,93,13,0,118880,0,2,3,52
2_2021_13,2021,TPS_ADR_EXC,00-04,2,93,13,0,57630,0,2,3,52
2_2021_13,2021,TPS_ADR_EXC,05-09,2,93,13,0,62150,0,2,3,52
1_2020_13,2020,TPS_ADR_EXC,25-29,1,93,13,750,58780,1.271,2,3,52
2_2020_13,2020,TPS_ADR_EXC,35-39,2,93,13,3000,70420,4.257,2,3,52
9_2020_13,2020,TPS_ADR_EXC,35-39,9,93,13,4540,134610,3.37,2,3,52
2_2020_13,2020,TPS_ADR_EXC,40-44,2,93,13,3990,67760,5.885,2,3,52
1_2020_13,2020,TPS_ADR_EXC,45-49,1,93,13,2570,66660,3.848,2,3,52
1_2020_13,2020,TPS_ADR_EXC,50-54,1,93,13,3110,67570,4.604,2,3,52
1_2020_13,2020,TPS_ADR_EXC,60-64,1,93,13,3100,58120,5.327,2,3,52
2_2020_13,2020,TPS_ADR_EXC,60-64,2,93,13,6650,64130,10.362,2,3,52
9_2020_13,2020,TPS_ADR_EXC,60-64,9,93,13,9740,122250,7.968,2,3,52
9_2020_13,2020,TPS_ADR_EXC,70-74,9,93,13,8570,107540,7.968,2,3,52
1_2020_13,2020,TPS_ADR_EXC,75-79,1,93,13,2200,34740,6.342,2,3,52
2_2020_13,2020,TPS_ADR_EXC,75-79,2,93,13,5110,42100,12.126,2,3,52
2_2020_13,2020,TPS_ADR_EXC,80-84,2,93,13,4840,33250,14.551,2,3,52
1_2020_13,2020,TPS_ADR_EXC,90-94,1,93,13,970,7390,13.095,2,3,52
9_2020_13,2020,TPS_ADR_EXC,90-94,9,93,13,4210,24210,17.387,2,3,52
2_2020_13,2020,TPS_ADR_EXC,95et+,2,93,13,1410,7320,19.298,2,3,52
9_2020_13,2020,TPS_ADR_EXC,tsage,9,93,13,99040,2090620,4.737,2,3,52
2_2022_13,2022,TPS_ADR_EXC,20-24,2,93,13,1340,64810,2.071,2,3,52
9_2022_13,2022,TPS_ADR_EXC,35-39,9,93,13,4970,140960,3.522,2,3,52
2_2022_13,2022,TPS_ADR_EXC,40-44,2,93,13,4550,72090,6.309,2,3,52
9_2022_13,2022,TPS_ADR_EXC,50-54,9,93,13,10200,144560,7.057,2,3,52
1_2022_13,2022,TPS_ADR_EXC,60-64,1,93,13,3520,61010,5.763,2,3,52
2_2022_13,2022,TPS_ADR_EXC,60-64,2,93,13,7120,65550,10.863,2,3,52
1_2022_13,2022,TPS_ADR_EXC,65-69,1,93,13,2690,53250,5.044,2,3,52
1_2022_13,2022,TPS_ADR_EXC,70-74,1,93,13,2740,49180,5.565,2,3,52
9_2022_13,2022,TPS_ADR_EXC,70-74,9,93,13,9070,107240,8.453,2,3,52
2_2022_13,2022,TPS_ADR_EXC,80-84,2,93,13,5330,34000,15.671,2,3,52
2_2022_13,2022,TPS_ADR_EXC,85-89,2,93,13,4930,27090,18.183,2,3,52
9_2022_13,2022,TPS_ADR_EXC,90-94,9,93,13,4580,24740,18.508,2,3,52
9_2022_13,2022,TPS_ADR_EXC,95et+,9,93,13,1840,9470,19.415,2,3,52
1_2022_13,2022,TPS_ADR_EXC,tsage,1,93,13,33810,1055280,3.204,2,3,52
9_2022_13,2022,TPS_ADR_EXC,tsage,9,93,13,109490,2183510,5.014,2,3,52
2_2022_13,2022,TPS_ADR_EXC,00-04,2,93,13,0,57940,0,2,3,52
9_2022_13,2022,TPS_ADR_EXC,00-04,9,93,13,0,119280,0,2,3,52
2_2021_13,2021,TPS_ADR_EXC,10-14,2,93,13,50,62930,0.086,2,3,52
9_2021_13,2021,TPS_ADR_EXC,10-14,9,93,13,80,128820,0.065,2,3,52
2_2021_13,2021,TPS_ADR_EXC,15-19,2,93,13,480,60480,0.792,2,3,52
9_2021_13,2021,TPS_ADR_EXC,20-24,9,93,13,1630,128490,1.268,2,3,52
1_2021_13,2021,TPS_ADR_EXC,25-29,1,93,13,860,65950,1.299,2,3,52
2_2021_13,2021,TPS_ADR_EXC,25-29,2,93,13,1520,67740,2.244,2,3,52
9_2021_13,2021,TPS_ADR_EXC,25-29,9,93,13,2380,133700,1.778,2,3,52
2_2021_13,2021,TPS_ADR_EXC,30-34,2,93,13,2290,72200,3.166,2,3,52
1_2021_13,2021,TPS_ADR_EXC,35-39,1,93,13,1590,69310,2.291,2,3,52
9_2021_13,2021,TPS_ADR_EXC,35-39,9,93,13,4700,141260,3.33,2,3,52
1_2021_13,2021,TPS_ADR_EXC,40-44,1,93,13,2180,68600,3.176,2,3,52
9_2021_13,2021,TPS_ADR_EXC,40-44,9,93,13,6600,139370,4.734,2,3,52
1_2021_13,2021,TPS_ADR_EXC,45-49,1,93,13,2560,68880,3.711,2,3,52
9_2021_13,2021,TPS_ADR_EXC,55-59,9,93,13,11430,141440,8.082,2,3,52
2_2021_13,2021,TPS_ADR_EXC,60-64,2,93,13,6970,65590,10.622,2,3,52
9_2021_13,2021,TPS_ADR_EXC,60-64,9,93,13,10280,126340,8.137,2,3,52
1_2021_13,2021,TPS_ADR_EXC,70-74,1,93,13,2710,49770,5.441,2,3,52
2_2021_13,2021,TPS_ADR_EXC,75-79,2,93,13,5750,45280,12.694,2,3,52
9_2021_13,2021,TPS_ADR_EXC,80-84,9,93,13,7030,58080,12.106,2,3,52
1_2021_13,2021,TPS_ADR_EXC,85-89,1,93,13,1800,16470,10.91,2,3,52
1_2021_13,2021,TPS_ADR_EXC,90-94,1,93,13,950,7530,12.611,2,3,52
2_2021_13,2021,TPS_ADR_EXC,tsage,2,93,13,72570,1120030,6.479,2,3,52
9_2021_13,2021,TPS_ADR_EXC,tsage,9,93,13,104770,2173770,4.82,2,3,52
1_2016_13,2016,TPS_ADR_EXC,00-04,1,93,13,0,63420,0,2,3,52
2_2016_13,2016,TPS_ADR_EXC,05-09,2,93,13,0,60660,0,2,3,52
2_2016_13,2016,TPS_ADR_EXC,15-19,2,93,13,240,56790,0.417,2,3,52
1_2016_13,2016,TPS_ADR_EXC,20-24,1,93,13,400,53740,0.742,2,3,52
9_2016_13,2016,TPS_ADR_EXC,20-24,9,93,13,1050,112890,0.926,2,3,52
2_2016_13,2016,TPS_ADR_EXC,25-29,2,93,13,1290,66430,1.945,2,3,52
9_2016_13,2016,TPS_ADR_EXC,25-29,9,93,13,1980,124950,1.586,2,3,52
1_2016_13,2016,TPS_ADR_EXC,30-34,1,93,13,1120,60870,1.835,2,3,52
1_2016_13,2016,TPS_ADR_EXC,40-44,1,93,13,2070,63490,3.256,2,3,52
2_2016_13,2016,TPS_ADR_EXC,40-44,2,93,13,4470,67810,6.592,2,3,52
2_2016_13,2016,TPS_ADR_EXC,45-49,2,93,13,5810,71450,8.132,2,3,52
2_2016_13,2016,TPS_ADR_EXC,50-54,2,93,13,6970,72450,9.623,2,3,52
1_2016_13,2016,TPS_ADR_EXC,55-59,1,93,13,3630,62080,5.839,2,3,52
9_2016_13,2016,TPS_ADR_EXC,60-64,9,93,13,9690,119080,8.133,2,3,52
1_2016_13,2016,TPS_ADR_EXC,65-69,1,93,13,2420,54100,4.466,2,3,52
1_2016_13,2016,TPS_ADR_EXC,70-74,1,93,13,2140,41890,5.106,2,3,52
1_2016_13,2016,TPS_ADR_EXC,75-79,1,93,13,1890,30460,6.214,2,3,52
1_2016_13,2016,TPS_ADR_EXC,80-84,1,93,13,1950,24060,8.102,2,3,52
9_2016_13,2016,TPS_ADR_EXC,80-84,9,93,13,6720,58680,11.455,2,3,52
1_2016_13,2016,TPS_ADR_EXC,85-89,1,93,13,1560,15010,10.378,2,3,52
9_2016_13,2016,TPS_ADR_EXC,90-94,9,93,13,3680,21810,16.865,2,3,52
9_2016_13,2016,TPS_ADR_EXC,95et+,9,93,13,1240,7140,17.416,2,3,52
1_2016_13,2016,TPS_ADR_EXC,tsage,1,93,13,29770,969230,3.071,2,3,52
1_2018_13,2018,TPS_ADR_EXC,10-14,1,93,13,10,61850,0.019,2,3,52
2_2018_13,2018,TPS_ADR_EXC,10-14,2,93,13,20,59370,0.034,2,3,52
2_2018_13,2018,TPS_ADR_EXC,15-19,2,93,13,260,57670,0.446,2,3,52
9_2018_13,2018,TPS_ADR_EXC,20-24,9,93,13,1110,114610,0.972,2,3,52
2_2018_13,2018,TPS_ADR_EXC,25-29,2,93,13,1230,66060,1.867,2,3,52
1_2018_13,2018,TPS_ADR_EXC,30-34,1,93,13,1080,61940,1.74,2,3,52
2_2018_13,2018,TPS_ADR_EXC,30-34,2,93,13,2130,69760,3.055,2,3,52
9_2018_13,2018,TPS_ADR_EXC,30-34,9,93,13,3210,131690,2.437,2,3,52
9_2018_13,2018,TPS_ADR_EXC,35-39,9,93,13,4880,133460,3.658,2,3,52
2_2018_13,2018,TPS_ADR_EXC,45-49,2,93,13,5720,72860,7.855,2,3,52
9_2018_13,2018,TPS_ADR_EXC,45-49,9,93,13,8500,141200,6.021,2,3,52
2_2018_13,2018,TPS_ADR_EXC,50-54,2,93,13,6790,72910,9.311,2,3,52
9_2018_13,2018,TPS_ADR_EXC,50-54,9,93,13,10070,141010,7.138,2,3,52
1_2018_13,2018,TPS_ADR_EXC,55-59,1,93,13,3690,63560,5.799,2,3,52
9_2018_13,2018,TPS_ADR_EXC,70-74,9,93,13,7690,99820,7.7,2,3,52
1_2018_13,2018,TPS_ADR_EXC,75-79,1,93,13,2070,32920,6.276,2,3,52
2_2018_13,2018,TPS_ADR_EXC,80-84,2,93,13,4670,33780,13.81,2,3,52
9_2018_13,2018,TPS_ADR_EXC,80-84,9,93,13,6600,58120,11.358,2,3,52
1_2018_13,2018,TPS_ADR_EXC,85-89,1,93,13,1760,15750,11.148,2,3,52
9_2018_13,2018,TPS_ADR_EXC,90-94,9,93,13,3840,22710,16.887,2,3,52
9_2018_13,2018,TPS_ADR_EXC,95et+,9,93,13,1550,8550,18.15,2,3,52
1_2018_13,2018,TPS_ADR_EXC,tsage,1,93,13,30620,986370,3.105,2,3,52
1_2018_13,2018,TPS_ADR_EXC,00-04,1,93,13,0,63190,0,2,3,52
1_2018_13,2018,TPS_ADR_EXC,05-09,1,93,13,0,64680,0,2,3,52
2_2018_13,2018,TPS_ADR_EXC,05-09,2,93,13,0,61680,0,2,3,52
2_2019_13,2019,TPS_ADR_EXC,05-09,2,93,13,0,61800,0,2,3,52
2_2019_13,2019,TPS_ADR_EXC,10-14,2,93,13,20,60030,0.028,2,3,52
2_2019_13,2019,TPS_ADR_EXC,15-19,2,93,13,280,57910,0.484,2,3,52
2_2019_13,2019,TPS_ADR_EXC,30-34,2,93,13,2080,70450,2.945,2,3,52
1_2019_13,2019,TPS_ADR_EXC,35-39,1,93,13,1610,63140,2.556,2,3,52
2_2019_13,2019,TPS_ADR_EXC,35-39,2,93,13,3110,70690,4.404,2,3,52
2_2019_13,2019,TPS_ADR_EXC,45-49,2,93,13,5490,72430,7.585,2,3,52
9_2019_13,2019,TPS_ADR_EXC,45-49,9,93,13,8190,140110,5.842,2,3,52
1_2019_13,2019,TPS_ADR_EXC,50-54,1,93,13,3190,67530,4.73,2,3,52
2_2019_13,2019,TPS_ADR_EXC,55-59,2,93,13,7290,69460,10.496,2,3,52
9_2019_13,2019,TPS_ADR_EXC,60-64,9,93,13,9750,121530,8.021,2,3,52
1_2019_13,2019,TPS_ADR_EXC,80-84,1,93,13,1950,24470,7.949,2,3,52
1_2019_13,2019,TPS_ADR_EXC,85-89,1,93,13,1720,16210,10.608,2,3,52
9_2019_13,2019,TPS_ADR_EXC,90-94,9,93,13,3920,23450,16.719,2,3,52
1_2019_13,2019,TPS_ADR_EXC,95et+,1,93,13,250,1950,12.91,2,3,52
2_2019_13,2019,TPS_ADR_EXC,95et+,2,93,13,1340,7000,19.069,2,3,52
2_2019_13,2019,TPS_ADR_EXC,tsage,2,93,13,67550,1091950,6.186,2,3,52
9_2018_13,2018,TPS_ADR_EXC,00-04,9,93,13,0,122630,0,2,3,52
9_2023_13,2023,TPS_ADR_EXC,00-04,9,93,13,0,115800,0,2,3,52
9_2018_13,2018,TPS_ADR_EXC,10-14,9,93,13,30,121220,0.026,2,3,52
1_2018_13,2018,TPS_ADR_EXC,15-19,1,93,13,160,57860,0.273,2,3,52
1_2018_13,2018,TPS_ADR_EXC,20-24,1,93,13,430,54760,0.791,2,3,52
1_2018_13,2018,TPS_ADR_EXC,40-44,1,93,13,2040,61480,3.324,2,3,52
2_2018_13,2018,TPS_ADR_EXC,40-44,2,93,13,4170,65890,6.328,2,3,52
9_2018_13,2018,TPS_ADR_EXC,40-44,9,93,13,6210,127380,4.878,2,3,52
1_2018_13,2018,TPS_ADR_EXC,50-54,1,93,13,3280,68110,4.813,2,3,52
9_2018_13,2018,TPS_ADR_EXC,55-59,9,93,13,10790,132000,8.174,2,3,52
2_2018_13,2018,TPS_ADR_EXC,65-69,2,93,13,5800,60430,9.601,2,3,52
9_2018_13,2018,TPS_ADR_EXC,65-69,9,93,13,8320,113730,7.311,2,3,52
2_2018_13,2018,TPS_ADR_EXC,70-74,2,93,13,5390,53240,10.121,2,3,52
2_2018_13,2018,TPS_ADR_EXC,75-79,2,93,13,4800,39380,12.184,2,3,52
9_2018_13,2018,TPS_ADR_EXC,75-79,9,93,13,6860,72300,9.494,2,3,52
1_2018_13,2018,TPS_ADR_EXC,80-84,1,93,13,1940,24340,7.954,2,3,52
1_2018_13,2018,TPS_ADR_EXC,90-94,1,93,13,840,6760,12.478,2,3,52
2_2018_13,2018,TPS_ADR_EXC,tsage,2,93,13,67600,1085010,6.231,2,3,52
9_2018_13,2018,TPS_ADR_EXC,tsage,9,93,13,98230,2071380,4.742,2,3,52
9_2023_13,2023,TPS_ADR_EXC,15-19,9,93,13,940,123440,0.762,2,3,52
9_2023_13,2023,TPS_ADR_EXC,20-24,9,93,13,2180,125080,1.743,2,3,52
9_2023_13,2023,TPS_ADR_EXC,35-39,9,93,13,5340,139220,3.836,2,3,52
1_2023_13,2023,TPS_ADR_EXC,50-54,1,93,13,3480,69090,5.042,2,3,52
2_2023_13,2023,TPS_ADR_EXC,50-54,2,93,13,7050,73120,9.639,2,3,52
2_2023_13,2023,TPS_ADR_EXC,60-64,2,93,13,7270,65910,11.023,2,3,52
9_2023_13,2023,TPS_ADR_EXC,60-64,9,93,13,10800,127030,8.505,2,3,52
1_2023_13,2023,TPS_ADR_EXC,70-74,1,93,13,2860,48400,5.898,2,3,52
9_2023_13,2023,TPS_ADR_EXC,70-74,9,93,13,9310,106020,8.783,2,3,52
2_2023_13,2023,TPS_ADR_EXC,75-79,2,93,13,6530,49930,13.08,2,3,52
9_2023_13,2023,TPS_ADR_EXC,90-94,9,93,13,4770,24800,19.238,2,3,52
1_2023_13,2023,TPS_ADR_EXC,95et+,1,93,13,310,2120,14.717,2,3,52
1_2023_13,2023,TPS_ADR_EXC,tsage,1,93,13,35160,1029630,3.415,2,3,52
1_2022_13,2022,TPS_ADR_EXC,00-04,1,93,13,0,61340,0,2,3,52
1_2022_13,2022,TPS_ADR_EXC,05-09,1,93,13,0,65960,0,2,3,52
2_2022_13,2022,TPS_ADR_EXC,05-09,2,93,13,0,62580,0,2,3,52
9_2022_13,2022,TPS_ADR_EXC,10-14,9,93,13,110,130860,0.083,2,3,52
1_2022_13,2022,TPS_ADR_EXC,15-19,1,93,13,200,63850,0.305,2,3,52
1_2022_13,2022,TPS_ADR_EXC,20-24,1,93,13,580,63810,0.906,2,3,52
2_2022_13,2022,TPS_ADR_EXC,30-34,2,93,13,2550,72310,3.525,2,3,52
9_2022_13,2022,TPS_ADR_EXC,30-34,9,93,13,3860,141680,2.721,2,3,52
1_2022_13,2022,TPS_ADR_EXC,40-44,1,93,13,2230,68580,3.252,2,3,52
2_2022_13,2022,TPS_ADR_EXC,45-49,2,93,13,5430,68960,7.88,2,3,52
2_2022_13,2022,TPS_ADR_EXC,50-54,2,93,13,6860,73240,9.368,2,3,52
1_2022_13,2022,TPS_ADR_EXC,55-59,1,93,13,3850,69230,5.562,2,3,52
2_2022_13,2022,TPS_ADR_EXC,55-59,2,93,13,8010,72930,10.98,2,3,52
9_2022_13,2022,TPS_ADR_EXC,60-64,9,93,13,10640,126560,8.405,2,3,52
2_2022_13,2022,TPS_ADR_EXC,75-79,2,93,13,6220,48110,12.934,2,3,52
9_2022_13,2022,TPS_ADR_EXC,75-79,9,93,13,8900,87340,10.191,2,3,52
1_2022_13,2022,TPS_ADR_EXC,80-84,1,93,13,2330,25700,9.053,2,3,52
1_2022_13,2022,TPS_ADR_EXC,85-89,1,93,13,1840,16250,11.32,2,3,52
1_2022_13,2022,TPS_ADR_EXC,90-94,1,93,13,1030,7660,13.471,2,3,52
2_2022_13,2022,TPS_ADR_EXC,90-94,2,93,13,3550,17080,20.768,2,3,52
1_2022_13,2022,TPS_ADR_EXC,95et+,1,93,13,290,2050,14.216,2,3,52
9_2019_13,2019,TPS_ADR_EXC,00-04,9,93,13,0,121320,0,2,3,52
9_2019_13,2019,TPS_ADR_EXC,05-09,9,93,13,0,127040,0,2,3,52
9_2019_13,2019,TPS_ADR_EXC,10-14,9,93,13,30,122590,0.028,2,3,52
1_2019_13,2019,TPS_ADR_EXC,15-19,1,93,13,150,58620,0.258,2,3,52
9_2019_13,2019,TPS_ADR_EXC,15-19,9,93,13,430,116530,0.37,2,3,52
1_2019_13,2019,TPS_ADR_EXC,20-24,1,93,13,440,54760,0.805,2,3,52
2_2019_13,2019,TPS_ADR_EXC,20-24,2,93,13,690,60060,1.149,2,3,52
9_2019_13,2019,TPS_ADR_EXC,20-24,9,93,13,1130,114820,0.985,2,3,52
1_2019_13,2019,TPS_ADR_EXC,30-34,1,93,13,1080,62560,1.73,2,3,52
9_2019_13,2019,TPS_ADR_EXC,40-44,9,93,13,6060,127330,4.756,2,3,52
1_2019_13,2019,TPS_ADR_EXC,45-49,1,93,13,2690,67680,3.977,2,3,52
1_2019_13,2019,TPS_ADR_EXC,55-59,1,93,13,3600,64840,5.552,2,3,52
1_2019_13,2019,TPS_ADR_EXC,65-69,1,93,13,2590,53120,4.878,2,3,52
2_2019_13,2019,TPS_ADR_EXC,65-69,2,93,13,5750,60530,9.504,2,3,52
9_2019_13,2019,TPS_ADR_EXC,65-69,9,93,13,8340,113640,7.342,2,3,52
1_2019_13,2019,TPS_ADR_EXC,75-79,1,93,13,2110,34160,6.188,2,3,52
2_2019_13,2019,TPS_ADR_EXC,85-89,2,93,13,4690,28250,16.604,2,3,52
2_2019_13,2019,TPS_ADR_EXC,90-94,2,93,13,3020,16390,18.447,2,3,52
1_2019_13,2019,TPS_ADR_EXC,tsage,1,93,13,30640,990750,3.093,2,3,52
9_2019_13,2019,TPS_ADR_EXC,tsage,9,93,13,98190,2082710,4.715,2,3,52
9_2020_13,2020,TPS_ADR_EXC,05-09,9,93,13,10,124010,0.01,2,3,52
9_2020_13,2020,TPS_ADR_EXC,10-14,9,93,13,50,123340,0.044,2,3,52
9_2020_13,2020,TPS_ADR_EXC,15-19,9,93,13,470,115940,0.405,2,3,52
9_2020_13,2020,TPS_ADR_EXC,20-24,9,93,13,1310,118030,1.11,2,3,52
2_2020_13,2020,TPS_ADR_EXC,25-29,2,93,13,1280,65170,1.963,2,3,52
9_2020_13,2020,TPS_ADR_EXC,25-29,9,93,13,2030,123950,1.635,2,3,52
1_2020_13,2020,TPS_ADR_EXC,30-34,1,93,13,1040,63790,1.626,2,3,52
2_2020_13,2020,TPS_ADR_EXC,30-34,2,93,13,2030,70380,2.879,2,3,52
1_2020_13,2020,TPS_ADR_EXC,35-39,1,93,13,1540,64190,2.396,2,3,52
2_2020_13,2020,TPS_ADR_EXC,45-49,2,93,13,5350,71070,7.534,2,3,52
9_2020_13,2020,TPS_ADR_EXC,45-49,9,93,13,7920,137730,5.75,2,3,52
1_2020_13,2020,TPS_ADR_EXC,55-59,1,93,13,3590,65850,5.456,2,3,52
2_2020_13,2020,TPS_ADR_EXC,55-59,2,93,13,7330,70430,10.403,2,3,52
9_2020_13,2020,TPS_ADR_EXC,55-59,9,93,13,10920,136280,8.013,2,3,52
1_2020_13,2020,TPS_ADR_EXC,65-69,1,93,13,2530,52570,4.82,2,3,52
9_2020_13,2020,TPS_ADR_EXC,80-84,9,93,13,6790,57900,11.728,2,3,52
9_2020_13,2020,TPS_ADR_EXC,95et+,9,93,13,1690,9340,18.141,2,3,52
1_2020_13,2020,TPS_ADR_EXC,tsage,1,93,13,30560,997120,3.064,2,3,52
1_2020_13,2020,TPS_ADR_EXC,00-04,1,93,13,0,60750,0,2,3,52
2_2020_13,2020,TPS_ADR_EXC,00-04,2,93,13,0,57290,0,2,3,52
2_2020_13,2020,TPS_ADR_EXC,05-09,2,93,13,0,60500,0,2,3,52
9_2015_13,2015,TPS_ADR_EXC,05-09,9,93,13,0,122810,0,2,3,52
1_2015_13,2015,TPS_ADR_EXC,10-14,1,93,13,30,59050,0.044,2,3,52
2_2015_13,2015,TPS_ADR_EXC,15-19,2,93,13,220,56080,0.389,2,3,52
9_2015_13,2015,TPS_ADR_EXC,20-24,9,93,13,1100,112760,0.977,2,3,52
9_2015_13,2015,TPS_ADR_EXC,25-29,9,93,13,1970,124480,1.586,2,3,52
2_2015_13,2015,TPS_ADR_EXC,35-39,2,93,13,3350,66030,5.077,2,3,52
9_2015_13,2015,TPS_ADR_EXC,35-39,9,93,13,4950,126320,3.915,2,3,52
1_2015_13,2015,TPS_ADR_EXC,40-44,1,93,13,2260,64480,3.499,2,3,52
2_2015_13,2015,TPS_ADR_EXC,40-44,2,93,13,4840,69390,6.969,2,3,52
9_2015_13,2015,TPS_ADR_EXC,40-44,9,93,13,7090,133870,5.298,2,3,52
2_2015_13,2015,TPS_ADR_EXC,50-54,2,93,13,7000,71020,9.861,2,3,52
9_2015_13,2015,TPS_ADR_EXC,55-59,9,93,13,10890,126220,8.626,2,3,52
2_2015_13,2015,TPS_ADR_EXC,60-64,2,93,13,6640,62070,10.693,2,3,52
9_2015_13,2015,TPS_ADR_EXC,75-79,9,93,13,6230,66690,9.338,2,3,52
1_2015_13,2015,TPS_ADR_EXC,85-89,1,93,13,1580,14480,10.943,2,3,52
1_2015_13,2015,TPS_ADR_EXC,90-94,1,93,13,700,5800,12.106,2,3,52
2_2015_13,2015,TPS_ADR_EXC,90-94,2,93,13,2820,15260,18.474,2,3,52
2_2015_13,2015,TPS_ADR_EXC,95et+,2,93,13,910,4880,18.7,2,3,52
9_2015_13,2015,TPS_ADR_EXC,95et+,9,93,13,1070,6140,17.435,2,3,52
2_2015_13,2015,TPS_ADR_EXC,tsage,2,93,13,67380,1053020,6.398,2,3,52
9_2022_13,2022,TPS_ADR_EXC,05-09,9,93,13,0,128540,0,2,3,52
1_2022_13,2022,TPS_ADR_EXC,10-14,1,93,13,30,66840,0.043,2,3,52
2_2022_13,2022,TPS_ADR_EXC,10-14,2,93,13,80,64010,0.125,2,3,52
2_2022_13,2022,TPS_ADR_EXC,15-19,2,93,13,680,61360,1.107,2,3,52
9_2022_13,2022,TPS_ADR_EXC,15-19,9,93,13,870,125210,0.698,2,3,52
9_2022_13,2022,TPS_ADR_EXC,20-24,9,93,13,1920,128620,1.493,2,3,52
1_2022_13,2022,TPS_ADR_EXC,25-29,1,93,13,920,64870,1.421,2,3,52
2_2022_13,2022,TPS_ADR_EXC,25-29,2,93,13,1700,67770,2.507,2,3,52
9_2022_13,2022,TPS_ADR_EXC,25-29,9,93,13,2620,132640,1.976,2,3,52
1_2022_13,2022,TPS_ADR_EXC,30-34,1,93,13,1310,69360,1.883,2,3,52
1_2022_13,2022,TPS_ADR_EXC,35-39,1,93,13,1660,68620,2.413,2,3,52
2_2022_13,2022,TPS_ADR_EXC,35-39,2,93,13,3310,72340,4.574,2,3,52
9_2022_13,2022,TPS_ADR_EXC,40-44,9,93,13,6780,140670,4.818,2,3,52
1_2022_13,2022,TPS_ADR_EXC,45-49,1,93,13,2590,67170,3.853,2,3,52
9_2022_13,2022,TPS_ADR_EXC,45-49,9,93,13,8020,136130,5.893,2,3,52
1_2022_13,2022,TPS_ADR_EXC,50-54,1,93,13,3340,71320,4.683,2,3,52
9_2022_13,2022,TPS_ADR_EXC,55-59,9,93,13,11860,142160,8.342,2,3,52
2_2022_13,2022,TPS_ADR_EXC,65-69,2,93,13,6140,60560,10.146,2,3,52
9_2022_13,2022,TPS_ADR_EXC,65-69,9,93,13,8830,113810,7.759,2,3,52
2_2022_13,2022,TPS_ADR_EXC,70-74,2,93,13,6330,58070,10.898,2,3,52
1_2022_13,2022,TPS_ADR_EXC,75-79,1,93,13,2680,39230,6.826,2,3,52
9_2022_13,2022,TPS_ADR_EXC,80-84,9,93,13,7660,59700,12.822,2,3,52
9_2022_13,2022,TPS_ADR_EXC,85-89,9,93,13,6770,43340,15.609,2,3,52
2_2022_13,2022,TPS_ADR_EXC,95et+,2,93,13,1550,7420,20.855,2,3,52
2_2022_13,2022,TPS_ADR_EXC,tsage,2,93,13,75680,1128220,6.708,2,3,52
1_2021_13,2021,TPS_ADR_EXC,00-04,1,93,13,0,61250,0,2,3,52
1_2021_13,2021,TPS_ADR_EXC,05-09,1,93,13,0,65350,0,2,3,52
1_2015_13,2015,TPS_ADR_EXC,00-04,1,93,13,0,63010,0,2,3,52
2_2015_13,2015,TPS_ADR_EXC,05-09,2,93,13,0,59980,0,2,3,52
9_2015_13,2015,TPS_ADR_EXC,00-04,9,93,13,0,122570,0,2,3,52
9_2015_13,2015,TPS_ADR_EXC,10-14,9,93,13,40,115260,0.038,2,3,52
1_2015_13,2015,TPS_ADR_EXC,15-19,1,93,13,120,56670,0.219,2,3,52
1_2015_13,2015,TPS_ADR_EXC,25-29,1,93,13,670,58280,1.156,2,3,52
2_2015_13,2015,TPS_ADR_EXC,25-29,2,93,13,1300,66200,1.964,2,3,52
1_2015_13,2015,TPS_ADR_EXC,30-34,1,93,13,1190,60260,1.98,2,3,52
2_2015_13,2015,TPS_ADR_EXC,30-34,2,93,13,2310,68070,3.389,2,3,52
9_2015_13,2015,TPS_ADR_EXC,30-34,9,93,13,3500,128330,2.727,2,3,52
1_2015_13,2015,TPS_ADR_EXC,35-39,1,93,13,1590,60290,2.644,2,3,52
1_2015_13,2015,TPS_ADR_EXC,45-49,1,93,13,2840,66440,4.277,2,3,52
9_2015_13,2015,TPS_ADR_EXC,45-49,9,93,13,8760,137390,6.379,2,3,52
9_2015_13,2015,TPS_ADR_EXC,50-54,9,93,13,10300,136990,7.515,2,3,52
2_2015_13,2015,TPS_ADR_EXC,55-59,2,93,13,7360,66020,11.146,2,3,52
1_2015_13,2015,TPS_ADR_EXC,60-64,1,93,13,2990,55990,5.331,2,3,52
2_2015_13,2015,TPS_ADR_EXC,65-69,2,93,13,5760,60000,9.604,2,3,52
9_2015_13,2015,TPS_ADR_EXC,65-69,9,93,13,8150,113570,7.175,2,3,52
9_2015_13,2015,TPS_ADR_EXC,70-74,9,93,13,6590,83240,7.919,2,3,52
1_2015_13,2015,TPS_ADR_EXC,75-79,1,93,13,1790,30010,5.962,2,3,52
2_2015_13,2015,TPS_ADR_EXC,75-79,2,93,13,4440,36680,12.099,2,3,52
2_2015_13,2015,TPS_ADR_EXC,80-84,2,93,13,4790,34590,13.854,2,3,52
2_2015_13,2015,TPS_ADR_EXC,85-89,2,93,13,4410,26470,16.67,2,3,52
9_2015_13,2015,TPS_ADR_EXC,85-89,9,93,13,6000,40950,14.646,2,3,52
9_2015_13,2015,TPS_ADR_EXC,90-94,9,93,13,3520,21060,16.72,2,3,52
1_2015_13,2015,TPS_ADR_EXC,95et+,1,93,13,160,1260,12.54,2,3,52
1_2015_13,2015,TPS_ADR_EXC,tsage,1,93,13,29470,954570,3.088,2,3,52
9_2015_13,2015,TPS_ADR_EXC,tsage,9,93,13,96850,2007590,4.824,2,3,52
2_2016_13,2016,TPS_ADR_EXC,00-04,2,93,13,0,59790,0,2,3,52
9_2016_13,2016,TPS_ADR_EXC,05-09,9,93,13,0,124360,0,2,3,52
1_2016_13,2016,TPS_ADR_EXC,10-14,1,93,13,20,59880,0.03,2,3,52
2_2016_13,2016,TPS_ADR_EXC,10-14,2,93,13,20,57570,0.042,2,3,52
1_2016_13,2016,TPS_ADR_EXC,15-19,1,93,13,140,57630,0.245,2,3,52
2_2016_13,2016,TPS_ADR_EXC,20-24,2,93,13,650,59150,1.092,2,3,52
9_2016_13,2016,TPS_ADR_EXC,30-34,9,93,13,3280,129470,2.533,2,3,52
1_2016_13,2016,TPS_ADR_EXC,35-39,1,93,13,1560,62000,2.515,2,3,52
2_2016_13,2016,TPS_ADR_EXC,35-39,2,93,13,3270,68270,4.788,2,3,52
1_2016_13,2016,TPS_ADR_EXC,50-54,1,93,13,3310,67320,4.916,2,3,52
2_2016_13,2016,TPS_ADR_EXC,55-59,2,93,13,7250,67220,10.778,2,3,52
1_2016_13,2016,TPS_ADR_EXC,60-64,1,93,13,3080,56530,5.441,2,3,52
2_2016_13,2016,TPS_ADR_EXC,65-69,2,93,13,5860,60520,9.684,2,3,52
9_2016_13,2016,TPS_ADR_EXC,65-69,9,93,13,8280,114620,7.222,2,3,52
2_2016_13,2016,TPS_ADR_EXC,80-84,2,93,13,4770,34620,13.785,2,3,52
2_2016_13,2016,TPS_ADR_EXC,90-94,2,93,13,2940,15710,18.687,2,3,52
1_2016_13,2016,TPS_ADR_EXC,95et+,1,93,13,200,1520,13.272,2,3,52
2_2016_13,2016,TPS_ADR_EXC,95et+,2,93,13,1040,5620,18.538,2,3,52
2_2016_13,2016,TPS_ADR_EXC,tsage,2,93,13,67270,1067230,6.303,2,3,52
9_2017_13,2017,TPS_ADR_EXC,00-04,9,93,13,0,122580,0,2,3,52
1_2017_13,2017,TPS_ADR_EXC,05-09,1,93,13,0,63950,0,2,3,52
2_2017_13,2017,TPS_ADR_EXC,10-14,2,93,13,30,58260,0.045,2,3,52
9_2017_13,2017,TPS_ADR_EXC,10-14,9,93,13,50,118780,0.044,2,3,52
1_2017_13,2017,TPS_ADR_EXC,15-19,1,93,13,130,57570,0.229,2,3,52
2_2017_13,2017,TPS_ADR_EXC,15-19,2,93,13,240,57180,0.423,2,3,52
9_2017_13,2017,TPS_ADR_EXC,15-19,9,93,13,370,114740,0.326,2,3,52
1_2017_13,2017,TPS_ADR_EXC,20-24,1,93,13,400,54080,0.747,2,3,52
2_2017_13,2017,TPS_ADR_EXC,20-24,2,93,13,650,59290,1.101,2,3,52
1_2017_13,2017,TPS_ADR_EXC,30-34,1,93,13,1050,60740,1.722,2,3,52
2_2017_13,2017,TPS_ADR_EXC,30-34,2,93,13,2130,68640,3.096,2,3,52
9_2017_13,2017,TPS_ADR_EXC,30-34,9,93,13,3170,129380,2.451,2,3,52
9_2017_13,2017,TPS_ADR_EXC,45-49,9,93,13,8520,139810,6.092,2,3,52
1_2017_13,2017,TPS_ADR_EXC,50-54,1,93,13,3270,67940,4.814,2,3,52
2_2017_13,2017,TPS_ADR_EXC,50-54,2,93,13,6990,73240,9.538,2,3,52
1_2017_13,2017,TPS_ADR_EXC,55-59,1,93,13,3650,62390,5.852,2,3,52
9_2017_13,2017,TPS_ADR_EXC,55-59,9,93,13,10670,129680,8.224,2,3,52
2_2017_13,2017,TPS_ADR_EXC,60-64,2,93,13,6620,62870,10.536,2,3,52
9_2017_13,2017,TPS_ADR_EXC,60-64,9,93,13,9690,119710,8.091,2,3,52
1_2017_13,2017,TPS_ADR_EXC,65-69,1,93,13,2450,53460,4.587,2,3,52
2_2017_13,2017,TPS_ADR_EXC,70-74,2,93,13,5130,51030,10.059,2,3,52
9_2017_13,2017,TPS_ADR_EXC,70-74,9,93,13,7310,95590,7.649,2,3,52
1_2017_13,2017,TPS_ADR_EXC,75-79,1,93,13,1960,31770,6.182,2,3,52
2_2017_13,2017,TPS_ADR_EXC,75-79,2,93,13,4530,37890,11.949,2,3,52
9_2017_13,2017,TPS_ADR_EXC,90-94,9,93,13,3800,22270,17.043,2,3,52
2_2017_13,2017,TPS_ADR_EXC,95et+,2,93,13,1160,6140,18.944,2,3,52
2_2017_13,2017,TPS_ADR_EXC,tsage,2,93,13,66920,1074870,6.226,2,3,52
9_2021_13,2021,TPS_ADR_EXC,05-09,9,93,13,10,127490,0.011,2,3,52
2_2021_13,2021,TPS_ADR_EXC,20-24,2,93,13,1080,64090,1.677,2,3,52
2_2021_13,2021,TPS_ADR_EXC,35-39,2,93,13,3120,71950,4.331,2,3,52
2_2021_13,2021,TPS_ADR_EXC,45-49,2,93,13,5460,70150,7.779,2,3,52
9_2021_13,2021,TPS_ADR_EXC,45-49,9,93,13,8010,139020,5.764,2,3,52
2_2021_13,2021,TPS_ADR_EXC,50-54,2,93,13,6700,72910,9.185,2,3,52
2_2021_13,2021,TPS_ADR_EXC,55-59,2,93,13,7750,72270,10.727,2,3,52
1_2021_13,2021,TPS_ADR_EXC,60-64,1,93,13,3310,60750,5.455,2,3,52
9_2021_13,2021,TPS_ADR_EXC,65-69,9,93,13,8630,113410,7.605,2,3,52
1_2021_13,2021,TPS_ADR_EXC,80-84,1,93,13,2060,24740,8.315,2,3,52
2_2021_13,2021,TPS_ADR_EXC,85-89,2,93,13,4820,27680,17.422,2,3,52
9_2021_13,2021,TPS_ADR_EXC,85-89,9,93,13,6620,44150,14.992,2,3,52
9_2021_13,2021,TPS_ADR_EXC,90-94,9,93,13,4320,24370,17.723,2,3,52
1_2021_13,2021,TPS_ADR_EXC,95et+,1,93,13,270,1970,13.937,2,3,52
2_2021_13,2021,TPS_ADR_EXC,95et+,2,93,13,1480,7430,19.906,2,3,52
1_2021_13,2021,TPS_ADR_EXC,tsage,1,93,13,32200,1053750,3.056,2,3,52
9_2023_13,2023,TPS_ADR_EXC,10-14,9,93,13,100,128410,0.079,2,3,52
1_2023_13,2023,TPS_ADR_EXC,15-19,1,93,13,250,62430,0.404,2,3,52
2_2023_13,2023,TPS_ADR_EXC,15-19,2,93,13,690,61010,1.128,2,3,52
1_2023_13,2023,TPS_ADR_EXC,25-29,1,93,13,1010,62180,1.623,2,3,52
9_2023_13,2023,TPS_ADR_EXC,25-29,9,93,13,3040,129340,2.353,2,3,52
2_2023_13,2023,TPS_ADR_EXC,30-34,2,93,13,2800,71160,3.935,2,3,52
9_2023_13,2023,TPS_ADR_EXC,30-34,9,93,13,4200,136480,3.076,2,3,52
1_2023_13,2023,TPS_ADR_EXC,35-39,1,93,13,1770,66680,2.652,2,3,52
2_2023_13,2023,TPS_ADR_EXC,40-44,2,93,13,4670,71910,6.488,2,3,52
1_2023_13,2023,TPS_ADR_EXC,45-49,1,93,13,2590,63810,4.056,2,3,52
2_2023_13,2023,TPS_ADR_EXC,45-49,2,93,13,5620,67170,8.361,2,3,52
9_2023_13,2023,TPS_ADR_EXC,50-54,9,93,13,10530,142210,7.406,2,3,52
1_2023_13,2023,TPS_ADR_EXC,55-59,1,93,13,3960,67800,5.844,2,3,52
2_2023_13,2023,TPS_ADR_EXC,55-59,2,93,13,8130,71900,11.304,2,3,52
2_2023_13,2023,TPS_ADR_EXC,70-74,2,93,13,6460,57620,11.206,2,3,52
1_2023_13,2023,TPS_ADR_EXC,75-79,1,93,13,2850,40770,6.987,2,3,52
9_2023_13,2023,TPS_ADR_EXC,75-79,9,93,13,9380,90700,10.341,2,3,52
1_2023_13,2023,TPS_ADR_EXC,80-84,1,93,13,2390,26420,9.033,2,3,52
9_2023_13,2023,TPS_ADR_EXC,85-89,9,93,13,6960,43110,16.141,2,3,52
1_2023_13,2023,TPS_ADR_EXC,90-94,1,93,13,1060,7650,13.847,2,3,52
2_2023_13,2023,TPS_ADR_EXC,90-94,2,93,13,3710,17150,21.642,2,3,52
9_2023_13,2023,TPS_ADR_EXC,95et+,9,93,13,1930,9460,20.372,2,3,52
2_2023_13,2023,TPS_ADR_EXC,tsage,2,93,13,78740,1120040,7.03,2,3,52
1_2023_13,2023,TPS_ADR_EXC,00-04,1,93,13,0,59480,0,2,3,52
2_2023_13,2023,TPS_ADR_EXC,00-04,2,93,13,0,56320,0,2,3,52
1_2023_13,2023,TPS_ADR_EXC,05-09,1,93,13,0,64080,0,2,3,52
2_2023_13,2023,TPS_ADR_EXC,05-09,2,93,13,0,60700,0,2,3,52
2_2015_13,2015,TPS_ADR_EXC,10-14,2,93,13,20,56210,0.032,2,3,52
9_2015_13,2015,TPS_ADR_EXC,15-19,9,93,13,340,112750,0.303,2,3,52
1_2015_13,2015,TPS_ADR_EXC,20-24,1,93,13,380,53530,0.714,2,3,52
2_2015_13,2015,TPS_ADR_EXC,20-24,2,93,13,720,59230,1.216,2,3,52
2_2015_13,2015,TPS_ADR_EXC,45-49,2,93,13,5920,70950,8.347,2,3,52
1_2015_13,2015,TPS_ADR_EXC,50-54,1,93,13,3290,65970,4.99,2,3,52
1_2015_13,2015,TPS_ADR_EXC,55-59,1,93,13,3530,60200,5.862,2,3,52
9_2015_13,2015,TPS_ADR_EXC,60-64,9,93,13,9620,118060,8.15,2,3,52
1_2015_13,2015,TPS_ADR_EXC,65-69,1,93,13,2390,53570,4.454,2,3,52
1_2015_13,2015,TPS_ADR_EXC,70-74,1,93,13,2030,38900,5.206,2,3,52
2_2015_13,2015,TPS_ADR_EXC,70-74,2,93,13,4570,44340,10.299,2,3,52
1_2015_13,2015,TPS_ADR_EXC,80-84,1,93,13,1930,23550,8.189,2,3,52
9_2015_13,2015,TPS_ADR_EXC,80-84,9,93,13,6720,58130,11.56,2,3,52
